JobId,Success
529,False
531,False
532,False
533,False
534,False
535,False
536,False
537,False
538,False
539,False
540,False
541,False
542,False
543,False
544,False
545,False
546,False
547,False
548,False
549,False
550,False
551,False
552,False
553,False
554,False
555,False
556,False
557,False
558,False
559,False
560,False
561,False
562,False
563,False
564,False
565,False
566,False
567,False
568,False
569,False
528,True
571,False
572,False
573,False
574,False
575,False
576,False
577,False
578,False
579,False
580,False
581,False
582,False
583,False
584,False
585,False
586,False
587,False
588,False
589,False
590,False
591,False
592,False
593,False
594,False
595,False
596,False
597,False
598,False
599,False
600,False
601,False
602,False
603,False
604,False
605,False
606,False
607,False
608,False
609,False
610,False
611,False
612,False
570,True
615,False
616,False
617,False
618,False
619,False
620,False
621,False
622,False
623,False
624,False
625,False
626,False
627,False
